PanelName,ItemName,SensorID,Channel,Interval,ItemValue,ItemState,Units
Main Building,Apt 14 N,'000000002556,,12/8/2012,76, ,°F
Main Building,Apt 14 N,'000000002556,,12/8/2012 12:15:00 AM,76, ,°F
Main Building,Apt 14 N,'000000002556,,12/8/2012 12:30:00 AM,76, ,°F
Main Building,Apt 14 N,'000000002556,,12/8/2012 12:45:00 AM,76, ,°F
Main Building,Apt 14 N,'000000002556,,12/8/2012 1:00:00 AM,76, ,°F
Main Building,Apt 14 N,'000000002556,,12/8/2012 1:15:00 AM,76, ,°F
Main Building,Apt 14 N,'000000002556,,12/8/2012 1:30:00 AM,76, ,°F
Main Building,Apt 14 N,'000000002556,,12/8/2012 1:45:00 AM,76, ,°F
Main Building,Apt 14 N,'000000002556,,12/8/2012 2:00:00 AM,76, ,°F
Main Building,Apt 14 N,'000000002556,,12/8/2012 2:15:00 AM,76, ,°F
Main Building,Apt 14 N,'000000002556,,12/8/2012 2:30:00 AM,76, ,°F
Main Building,Apt 14 N,'000000002556,,12/8/2012 2:45:00 AM,76, ,°F
Main Building,Apt 14 N,'000000002556,,12/8/2012 3:00:00 AM,76, ,°F
Main Building,Apt 14 N,'000000002556,,12/8/2012 3:15:00 AM,76, ,°F
Main Building,Apt 14 N,'000000002556,,12/8/2012 3:30:00 AM,76, ,°F
Main Building,Apt 14 N,'000000002556,,12/8/2012 3:45:00 AM,76, ,°F
Main Building,Apt 14 N,'000000002556,,12/8/2012 4:00:00 AM,76, ,°F
Main Building,Apt 14 N,'000000002556,,12/8/2012 4:15:00 AM,76, ,°F
Main Building,Apt 14 N,'000000002556,,12/8/2012 4:30:00 AM,76, ,°F
Main Building,Apt 14 N,'000000002556,,12/8/2012 4:45:00 AM,76, ,°F
Main Building,Apt 14 N,'000000002556,,12/8/2012 5:00:00 AM,76, ,°F
Main Building,Apt 14 N,'000000002556,,12/8/2012 5:15:00 AM,76, ,°F
Main Building,Apt 14 N,'000000002556,,12/8/2012 5:30:00 AM,76, ,°F
Main Building,Apt 14 N,'000000002556,,12/8/2012 5:45:00 AM,76, ,°F
Main Building,Apt 14 N,'000000002556,,12/8/2012 6:00:00 AM,76, ,°F
Main Building,Apt 14 N,'000000002556,,12/8/2012 6:15:00 AM,76, ,°F
Main Building,Apt 14 N,'000000002556,,12/8/2012 6:30:00 AM,76, ,°F
Main Building,Apt 14 N,'000000002556,,12/8/2012 6:45:00 AM,76, ,°F
Main Building,Apt 14 N,'000000002556,,12/8/2012 7:00:00 AM,76, ,°F
Main Building,Apt 14 N,'000000002556,,12/8/2012 7:15:00 AM,76, ,°F
Main Building,Apt 14 N,'000000002556,,12/8/2012 7:30:00 AM,76, ,°F
Main Building,Apt 14 N,'000000002556,,12/8/2012 7:45:00 AM,76, ,°F
Main Building,Apt 14 N,'000000002556,,12/8/2012 8:00:00 AM,76, ,°F
Main Building,Apt 14 N,'000000002556,,12/8/2012 8:15:00 AM,76, ,°F
Main Building,Apt 14 N,'000000002556,,12/8/2012 8:30:00 AM,76, ,°F
Main Building,Apt 14 N,'000000002556,,12/8/2012 8:45:00 AM,76, ,°F
Main Building,Apt 14 N,'000000002556,,12/8/2012 9:00:00 AM,76, ,°F
Main Building,Apt 14 N,'000000002556,,12/8/2012 9:15:00 AM,76, ,°F
Main Building,Apt 14 N,'000000002556,,12/8/2012 9:30:00 AM,76, ,°F
Main Building,Apt 14 N,'000000002556,,12/8/2012 9:45:00 AM,76, ,°F
Main Building,Apt 14 N,'000000002556,,12/8/2012 10:00:00 AM,76, ,°F
Main Building,Apt 14 N,'000000002556,,12/8/2012 10:15:00 AM,76, ,°F
Main Building,Apt 14 N,'000000002556,,12/8/2012 10:30:00 AM,76, ,°F
Main Building,Apt 14 N,'000000002556,,12/8/2012 10:45:00 AM,76, ,°F
Main Building,Apt 14 N,'000000002556,,12/8/2012 11:00:00 AM,76, ,°F
Main Building,Apt 14 N,'000000002556,,12/8/2012 11:15:00 AM,76, ,°F
Main Building,Apt 14 N,'000000002556,,12/8/2012 11:30:00 AM,76, ,°F
Main Building,Apt 14 N,'000000002556,,12/8/2012 11:45:00 AM,76, ,°F
Main Building,Apt 14 N,'000000002556,,12/8/2012 12:00:00 PM,76, ,°F
Main Building,Apt 14 N,'000000002556,,12/8/2012 12:15:00 PM,76, ,°F
Main Building,Apt 14 N,'000000002556,,12/8/2012 12:30:00 PM,76, ,°F
Main Building,Apt 14 N,'000000002556,,12/8/2012 12:45:00 PM,76, ,°F
Main Building,Apt 14 N,'000000002556,,12/8/2012 1:00:00 PM,76, ,°F
Main Building,Apt 14 N,'000000002556,,12/8/2012 1:15:00 PM,76, ,°F
Main Building,Apt 14 N,'000000002556,,12/8/2012 1:30:00 PM,76, ,°F
Main Building,Apt 14 N,'000000002556,,12/8/2012 1:45:00 PM,76, ,°F
Main Building,Apt 14 N,'000000002556,,12/8/2012 2:00:00 PM,76, ,°F
Main Building,Apt 14 N,'000000002556,,12/8/2012 2:15:00 PM,76, ,°F
Main Building,Apt 14 N,'000000002556,,12/8/2012 2:30:00 PM,76, ,°F
Main Building,Apt 14 N,'000000002556,,12/8/2012 2:45:00 PM,76, ,°F
Main Building,Apt 14 N,'000000002556,,12/8/2012 3:00:00 PM,76, ,°F
Main Building,Apt 14 N,'000000002556,,12/8/2012 3:15:00 PM,76, ,°F
Main Building,Apt 14 N,'000000002556,,12/8/2012 3:30:00 PM,76, ,°F
Main Building,Apt 14 N,'000000002556,,12/8/2012 3:45:00 PM,76, ,°F
Main Building,Apt 14 N,'000000002556,,12/8/2012 4:00:00 PM,76, ,°F
Main Building,Apt 14 N,'000000002556,,12/8/2012 4:15:00 PM,76, ,°F
Main Building,Apt 14 N,'000000002556,,12/8/2012 4:30:00 PM,76, ,°F
Main Building,Apt 14 N,'000000002556,,12/8/2012 4:45:00 PM,76, ,°F
Main Building,Apt 14 N,'000000002556,,12/8/2012 5:00:00 PM,76, ,°F
Main Building,Apt 14 N,'000000002556,,12/8/2012 5:15:00 PM,77, ,°F
Main Building,Apt 14 N,'000000002556,,12/8/2012 5:30:00 PM,77, ,°F
Main Building,Apt 14 N,'000000002556,,12/8/2012 5:45:00 PM,77, ,°F
Main Building,Apt 14 N,'000000002556,,12/8/2012 6:00:00 PM,77, ,°F
Main Building,Apt 14 N,'000000002556,,12/8/2012 6:15:00 PM,77, ,°F
Main Building,Apt 14 N,'000000002556,,12/8/2012 6:30:00 PM,77, ,°F
Main Building,Apt 14 N,'000000002556,,12/8/2012 6:45:00 PM,77, ,°F
Main Building,Apt 14 N,'000000002556,,12/8/2012 7:00:00 PM,77, ,°F
Main Building,Apt 14 N,'000000002556,,12/8/2012 7:15:00 PM,77, ,°F
Main Building,Apt 14 N,'000000002556,,12/8/2012 7:30:00 PM,77, ,°F
Main Building,Apt 14 N,'000000002556,,12/8/2012 7:45:00 PM,77, ,°F
Main Building,Apt 14 N,'000000002556,,12/8/2012 8:00:00 PM,77, ,°F
Main Building,Apt 14 N,'000000002556,,12/8/2012 8:15:00 PM,77, ,°F
Main Building,Apt 14 N,'000000002556,,12/8/2012 8:30:00 PM,77, ,°F
Main Building,Apt 14 N,'000000002556,,12/8/2012 8:45:00 PM,77, ,°F
Main Building,Apt 14 N,'000000002556,,12/8/2012 9:00:00 PM,77, ,°F
Main Building,Apt 14 N,'000000002556,,12/8/2012 9:15:00 PM,77, ,°F
Main Building,Apt 14 N,'000000002556,,12/8/2012 9:30:00 PM,77, ,°F
Main Building,Apt 14 N,'000000002556,,12/8/2012 9:45:00 PM,77, ,°F
Main Building,Apt 14 N,'000000002556,,12/8/2012 10:00:00 PM,77, ,°F
Main Building,Apt 14 N,'000000002556,,12/8/2012 10:15:00 PM,77, ,°F
Main Building,Apt 14 N,'000000002556,,12/8/2012 10:30:00 PM,77, ,°F
Main Building,Apt 14 N,'000000002556,,12/8/2012 10:45:00 PM,77, ,°F
Main Building,Apt 14 N,'000000002556,,12/8/2012 11:00:00 PM,77, ,°F
Main Building,Apt 14 N,'000000002556,,12/8/2012 11:15:00 PM,77, ,°F
Main Building,Apt 14 N,'000000002556,,12/8/2012 11:30:00 PM,77, ,°F
Main Building,Apt 14 O,'00000000255F,,12/8/2012,77, ,°F
Main Building,Apt 14 O,'00000000255F,,12/8/2012 12:15:00 AM,77, ,°F
Main Building,Apt 14 O,'00000000255F,,12/8/2012 12:30:00 AM,77, ,°F
Main Building,Apt 14 O,'00000000255F,,12/8/2012 12:45:00 AM,77, ,°F
Main Building,Apt 14 O,'00000000255F,,12/8/2012 1:00:00 AM,77, ,°F
Main Building,Apt 14 O,'00000000255F,,12/8/2012 1:15:00 AM,77, ,°F
Main Building,Apt 14 O,'00000000255F,,12/8/2012 1:30:00 AM,77, ,°F
Main Building,Apt 14 O,'00000000255F,,12/8/2012 1:45:00 AM,77, ,°F
Main Building,Apt 14 O,'00000000255F,,12/8/2012 2:00:00 AM,77, ,°F
Main Building,Apt 14 O,'00000000255F,,12/8/2012 2:15:00 AM,77, ,°F
Main Building,Apt 14 O,'00000000255F,,12/8/2012 2:30:00 AM,77, ,°F
Main Building,Apt 14 O,'00000000255F,,12/8/2012 2:45:00 AM,77, ,°F
Main Building,Apt 14 O,'00000000255F,,12/8/2012 3:00:00 AM,77, ,°F
Main Building,Apt 14 O,'00000000255F,,12/8/2012 3:15:00 AM,77, ,°F
Main Building,Apt 14 O,'00000000255F,,12/8/2012 3:30:00 AM,77, ,°F
Main Building,Apt 14 O,'00000000255F,,12/8/2012 3:45:00 AM,77, ,°F
Main Building,Apt 14 O,'00000000255F,,12/8/2012 4:00:00 AM,77, ,°F
Main Building,Apt 14 O,'00000000255F,,12/8/2012 4:15:00 AM,77, ,°F
Main Building,Apt 14 O,'00000000255F,,12/8/2012 4:30:00 AM,77, ,°F
Main Building,Apt 14 O,'00000000255F,,12/8/2012 4:45:00 AM,77, ,°F
Main Building,Apt 14 O,'00000000255F,,12/8/2012 5:00:00 AM,77, ,°F
Main Building,Apt 14 O,'00000000255F,,12/8/2012 5:15:00 AM,77, ,°F
Main Building,Apt 14 O,'00000000255F,,12/8/2012 5:30:00 AM,77, ,°F
Main Building,Apt 14 O,'00000000255F,,12/8/2012 5:45:00 AM,77, ,°F
Main Building,Apt 14 O,'00000000255F,,12/8/2012 6:00:00 AM,76, ,°F
Main Building,Apt 14 O,'00000000255F,,12/8/2012 6:15:00 AM,76, ,°F
Main Building,Apt 14 O,'00000000255F,,12/8/2012 6:30:00 AM,77, ,°F
Main Building,Apt 14 O,'00000000255F,,12/8/2012 6:45:00 AM,77, ,°F
Main Building,Apt 14 O,'00000000255F,,12/8/2012 7:00:00 AM,76, ,°F
Main Building,Apt 14 O,'00000000255F,,12/8/2012 7:15:00 AM,76, ,°F
Main Building,Apt 14 O,'00000000255F,,12/8/2012 7:30:00 AM,76, ,°F
Main Building,Apt 14 O,'00000000255F,,12/8/2012 7:45:00 AM,76, ,°F
Main Building,Apt 14 O,'00000000255F,,12/8/2012 8:00:00 AM,76, ,°F
Main Building,Apt 14 O,'00000000255F,,12/8/2012 8:15:00 AM,76, ,°F
Main Building,Apt 14 O,'00000000255F,,12/8/2012 8:30:00 AM,76, ,°F
Main Building,Apt 14 O,'00000000255F,,12/8/2012 8:45:00 AM,76, ,°F
Main Building,Apt 14 O,'00000000255F,,12/8/2012 9:00:00 AM,76, ,°F
Main Building,Apt 14 O,'00000000255F,,12/8/2012 9:15:00 AM,76, ,°F
Main Building,Apt 14 O,'00000000255F,,12/8/2012 9:30:00 AM,76, ,°F
Main Building,Apt 14 O,'00000000255F,,12/8/2012 9:45:00 AM,76, ,°F
Main Building,Apt 14 O,'00000000255F,,12/8/2012 10:00:00 AM,76, ,°F
Main Building,Apt 14 O,'00000000255F,,12/8/2012 10:15:00 AM,76, ,°F
Main Building,Apt 14 O,'00000000255F,,12/8/2012 10:30:00 AM,76, ,°F
Main Building,Apt 14 O,'00000000255F,,12/8/2012 10:45:00 AM,76, ,°F
Main Building,Apt 14 O,'00000000255F,,12/8/2012 11:00:00 AM,76, ,°F
Main Building,Apt 14 O,'00000000255F,,12/8/2012 11:15:00 AM,76, ,°F
Main Building,Apt 14 O,'00000000255F,,12/8/2012 11:30:00 AM,76, ,°F
Main Building,Apt 14 O,'00000000255F,,12/8/2012 11:45:00 AM,76, ,°F
Main Building,Apt 14 O,'00000000255F,,12/8/2012 12:00:00 PM,76, ,°F
Main Building,Apt 14 O,'00000000255F,,12/8/2012 12:15:00 PM,76, ,°F
Main Building,Apt 14 O,'00000000255F,,12/8/2012 12:30:00 PM,76, ,°F
Main Building,Apt 14 O,'00000000255F,,12/8/2012 12:45:00 PM,76, ,°F
Main Building,Apt 14 O,'00000000255F,,12/8/2012 1:00:00 PM,76, ,°F
Main Building,Apt 14 O,'00000000255F,,12/8/2012 1:15:00 PM,76, ,°F
Main Building,Apt 14 O,'00000000255F,,12/8/2012 1:30:00 PM,76, ,°F
Main Building,Apt 14 O,'00000000255F,,12/8/2012 1:45:00 PM,77, ,°F
Main Building,Apt 14 O,'00000000255F,,12/8/2012 2:00:00 PM,77, ,°F
Main Building,Apt 14 O,'00000000255F,,12/8/2012 2:15:00 PM,77, ,°F
Main Building,Apt 14 O,'00000000255F,,12/8/2012 2:30:00 PM,77, ,°F
Main Building,Apt 14 O,'00000000255F,,12/8/2012 2:45:00 PM,77, ,°F
Main Building,Apt 14 O,'00000000255F,,12/8/2012 3:00:00 PM,77, ,°F
Main Building,Apt 14 O,'00000000255F,,12/8/2012 3:15:00 PM,77, ,°F
Main Building,Apt 14 O,'00000000255F,,12/8/2012 3:30:00 PM,77, ,°F
Main Building,Apt 14 O,'00000000255F,,12/8/2012 3:45:00 PM,77, ,°F
Main Building,Apt 14 O,'00000000255F,,12/8/2012 4:00:00 PM,77, ,°F
Main Building,Apt 14 O,'00000000255F,,12/8/2012 4:15:00 PM,77, ,°F
Main Building,Apt 14 O,'00000000255F,,12/8/2012 4:30:00 PM,77, ,°F
Main Building,Apt 14 O,'00000000255F,,12/8/2012 4:45:00 PM,77, ,°F
Main Building,Apt 14 O,'00000000255F,,12/8/2012 5:00:00 PM,77, ,°F
Main Building,Apt 14 O,'00000000255F,,12/8/2012 5:15:00 PM,77, ,°F
Main Building,Apt 14 O,'00000000255F,,12/8/2012 5:30:00 PM,77, ,°F
Main Building,Apt 14 O,'00000000255F,,12/8/2012 5:45:00 PM,77, ,°F
Main Building,Apt 14 O,'00000000255F,,12/8/2012 6:00:00 PM,77, ,°F
Main Building,Apt 14 O,'00000000255F,,12/8/2012 6:15:00 PM,77, ,°F
Main Building,Apt 14 O,'00000000255F,,12/8/2012 6:30:00 PM,77, ,°F
Main Building,Apt 14 O,'00000000255F,,12/8/2012 6:45:00 PM,77, ,°F
Main Building,Apt 14 O,'00000000255F,,12/8/2012 7:00:00 PM,77, ,°F
Main Building,Apt 14 O,'00000000255F,,12/8/2012 7:15:00 PM,77, ,°F
Main Building,Apt 14 O,'00000000255F,,12/8/2012 7:30:00 PM,77, ,°F
Main Building,Apt 14 O,'00000000255F,,12/8/2012 7:45:00 PM,77, ,°F
Main Building,Apt 14 O,'00000000255F,,12/8/2012 8:00:00 PM,77, ,°F
Main Building,Apt 14 O,'00000000255F,,12/8/2012 8:15:00 PM,77, ,°F
Main Building,Apt 14 O,'00000000255F,,12/8/2012 8:30:00 PM,77, ,°F
Main Building,Apt 14 O,'00000000255F,,12/8/2012 8:45:00 PM,77, ,°F
Main Building,Apt 14 O,'00000000255F,,12/8/2012 9:00:00 PM,77, ,°F
Main Building,Apt 14 O,'00000000255F,,12/8/2012 9:15:00 PM,77, ,°F
Main Building,Apt 14 O,'00000000255F,,12/8/2012 9:30:00 PM,77, ,°F
Main Building,Apt 14 O,'00000000255F,,12/8/2012 9:45:00 PM,78, ,°F
Main Building,Apt 14 O,'00000000255F,,12/8/2012 10:00:00 PM,78, ,°F
Main Building,Apt 14 O,'00000000255F,,12/8/2012 10:15:00 PM,78, ,°F
Main Building,Apt 14 O,'00000000255F,,12/8/2012 10:30:00 PM,78, ,°F
Main Building,Apt 14 O,'00000000255F,,12/8/2012 10:45:00 PM,78, ,°F
Main Building,Apt 14 O,'00000000255F,,12/8/2012 11:00:00 PM,78, ,°F
Main Building,Apt 14 O,'00000000255F,,12/8/2012 11:15:00 PM,77, ,°F
Main Building,Apt 14 O,'00000000255F,,12/8/2012 11:30:00 PM,77, ,°F
Main Building,OUTDOOR SENSOR,'000000000002,,12/8/2012,44, ,°F
Main Building,OUTDOOR SENSOR,'000000000002,,12/8/2012 12:15:00 AM,44, ,°F
Main Building,OUTDOOR SENSOR,'000000000002,,12/8/2012 12:30:00 AM,44, ,°F
Main Building,OUTDOOR SENSOR,'000000000002,,12/8/2012 12:45:00 AM,44, ,°F
Main Building,OUTDOOR SENSOR,'000000000002,,12/8/2012 1:00:00 AM,44, ,°F
Main Building,OUTDOOR SENSOR,'000000000002,,12/8/2012 1:15:00 AM,44, ,°F
Main Building,OUTDOOR SENSOR,'000000000002,,12/8/2012 1:30:00 AM,44, ,°F
Main Building,OUTDOOR SENSOR,'000000000002,,12/8/2012 1:45:00 AM,44, ,°F
Main Building,OUTDOOR SENSOR,'000000000002,,12/8/2012 2:00:00 AM,44, ,°F
Main Building,OUTDOOR SENSOR,'000000000002,,12/8/2012 2:15:00 AM,44, ,°F
Main Building,OUTDOOR SENSOR,'000000000002,,12/8/2012 2:30:00 AM,44, ,°F
Main Building,OUTDOOR SENSOR,'000000000002,,12/8/2012 2:45:00 AM,44, ,°F
Main Building,OUTDOOR SENSOR,'000000000002,,12/8/2012 3:00:00 AM,44, ,°F
Main Building,OUTDOOR SENSOR,'000000000002,,12/8/2012 3:15:00 AM,44, ,°F
Main Building,OUTDOOR SENSOR,'000000000002,,12/8/2012 3:30:00 AM,44, ,°F
Main Building,OUTDOOR SENSOR,'000000000002,,12/8/2012 3:45:00 AM,44, ,°F
Main Building,OUTDOOR SENSOR,'000000000002,,12/8/2012 4:00:00 AM,44, ,°F
Main Building,OUTDOOR SENSOR,'000000000002,,12/8/2012 4:15:00 AM,44, ,°F
Main Building,OUTDOOR SENSOR,'000000000002,,12/8/2012 4:30:00 AM,44, ,°F
Main Building,OUTDOOR SENSOR,'000000000002,,12/8/2012 4:45:00 AM,44, ,°F
Main Building,OUTDOOR SENSOR,'000000000002,,12/8/2012 5:00:00 AM,44, ,°F
Main Building,OUTDOOR SENSOR,'000000000002,,12/8/2012 5:15:00 AM,44, ,°F
Main Building,OUTDOOR SENSOR,'000000000002,,12/8/2012 5:30:00 AM,44, ,°F
Main Building,OUTDOOR SENSOR,'000000000002,,12/8/2012 5:45:00 AM,44, ,°F
Main Building,OUTDOOR SENSOR,'000000000002,,12/8/2012 6:00:00 AM,44, ,°F
Main Building,OUTDOOR SENSOR,'000000000002,,12/8/2012 6:15:00 AM,44, ,°F
Main Building,OUTDOOR SENSOR,'000000000002,,12/8/2012 6:30:00 AM,44, ,°F
Main Building,OUTDOOR SENSOR,'000000000002,,12/8/2012 6:45:00 AM,44, ,°F
Main Building,OUTDOOR SENSOR,'000000000002,,12/8/2012 7:00:00 AM,44, ,°F
Main Building,OUTDOOR SENSOR,'000000000002,,12/8/2012 7:15:00 AM,45, ,°F
Main Building,OUTDOOR SENSOR,'000000000002,,12/8/2012 7:30:00 AM,44, ,°F
Main Building,OUTDOOR SENSOR,'000000000002,,12/8/2012 7:45:00 AM,45, ,°F
Main Building,OUTDOOR SENSOR,'000000000002,,12/8/2012 8:00:00 AM,45, ,°F
Main Building,OUTDOOR SENSOR,'000000000002,,12/8/2012 8:15:00 AM,45, ,°F
Main Building,OUTDOOR SENSOR,'000000000002,,12/8/2012 8:30:00 AM,45, ,°F
Main Building,OUTDOOR SENSOR,'000000000002,,12/8/2012 8:45:00 AM,45, ,°F
Main Building,OUTDOOR SENSOR,'000000000002,,12/8/2012 9:00:00 AM,45, ,°F
Main Building,OUTDOOR SENSOR,'000000000002,,12/8/2012 9:15:00 AM,45, ,°F
Main Building,OUTDOOR SENSOR,'000000000002,,12/8/2012 9:30:00 AM,45, ,°F
Main Building,OUTDOOR SENSOR,'000000000002,,12/8/2012 9:45:00 AM,46, ,°F
Main Building,OUTDOOR SENSOR,'000000000002,,12/8/2012 10:00:00 AM,46, ,°F
Main Building,OUTDOOR SENSOR,'000000000002,,12/8/2012 10:15:00 AM,46, ,°F
Main Building,OUTDOOR SENSOR,'000000000002,,12/8/2012 10:30:00 AM,46, ,°F
Main Building,OUTDOOR SENSOR,'000000000002,,12/8/2012 10:45:00 AM,46, ,°F
Main Building,OUTDOOR SENSOR,'000000000002,,12/8/2012 11:00:00 AM,46, ,°F
Main Building,OUTDOOR SENSOR,'000000000002,,12/8/2012 11:15:00 AM,46, ,°F
Main Building,OUTDOOR SENSOR,'000000000002,,12/8/2012 11:30:00 AM,47, ,°F
Main Building,OUTDOOR SENSOR,'000000000002,,12/8/2012 11:45:00 AM,47, ,°F
Main Building,OUTDOOR SENSOR,'000000000002,,12/8/2012 12:00:00 PM,47, ,°F
Main Building,OUTDOOR SENSOR,'000000000002,,12/8/2012 12:15:00 PM,48, ,°F
Main Building,OUTDOOR SENSOR,'000000000002,,12/8/2012 12:30:00 PM,47, ,°F
Main Building,OUTDOOR SENSOR,'000000000002,,12/8/2012 12:45:00 PM,47, ,°F
Main Building,OUTDOOR SENSOR,'000000000002,,12/8/2012 1:00:00 PM,47, ,°F
Main Building,OUTDOOR SENSOR,'000000000002,,12/8/2012 1:15:00 PM,47, ,°F
Main Building,OUTDOOR SENSOR,'000000000002,,12/8/2012 1:30:00 PM,47, ,°F
Main Building,OUTDOOR SENSOR,'000000000002,,12/8/2012 1:45:00 PM,47, ,°F
Main Building,OUTDOOR SENSOR,'000000000002,,12/8/2012 2:00:00 PM,48, ,°F
Main Building,OUTDOOR SENSOR,'000000000002,,12/8/2012 2:15:00 PM,48, ,°F
Main Building,OUTDOOR SENSOR,'000000000002,,12/8/2012 2:30:00 PM,47, ,°F
Main Building,OUTDOOR SENSOR,'000000000002,,12/8/2012 2:45:00 PM,48, ,°F
Main Building,OUTDOOR SENSOR,'000000000002,,12/8/2012 3:00:00 PM,48, ,°F
Main Building,OUTDOOR SENSOR,'000000000002,,12/8/2012 3:15:00 PM,48, ,°F
Main Building,OUTDOOR SENSOR,'000000000002,,12/8/2012 3:30:00 PM,48, ,°F
Main Building,OUTDOOR SENSOR,'000000000002,,12/8/2012 3:45:00 PM,48, ,°F
Main Building,OUTDOOR SENSOR,'000000000002,,12/8/2012 4:00:00 PM,48, ,°F
Main Building,OUTDOOR SENSOR,'000000000002,,12/8/2012 4:15:00 PM,48, ,°F
Main Building,OUTDOOR SENSOR,'000000000002,,12/8/2012 4:30:00 PM,48, ,°F
Main Building,OUTDOOR SENSOR,'000000000002,,12/8/2012 4:45:00 PM,48, ,°F
Main Building,OUTDOOR SENSOR,'000000000002,,12/8/2012 5:00:00 PM,48, ,°F
Main Building,OUTDOOR SENSOR,'000000000002,,12/8/2012 5:15:00 PM,48, ,°F
Main Building,OUTDOOR SENSOR,'000000000002,,12/8/2012 5:30:00 PM,48, ,°F
Main Building,OUTDOOR SENSOR,'000000000002,,12/8/2012 5:45:00 PM,48, ,°F
Main Building,OUTDOOR SENSOR,'000000000002,,12/8/2012 6:00:00 PM,48, ,°F
Main Building,OUTDOOR SENSOR,'000000000002,,12/8/2012 6:15:00 PM,48, ,°F
Main Building,OUTDOOR SENSOR,'000000000002,,12/8/2012 6:30:00 PM,48, ,°F
Main Building,OUTDOOR SENSOR,'000000000002,,12/8/2012 6:45:00 PM,48, ,°F
Main Building,OUTDOOR SENSOR,'000000000002,,12/8/2012 7:00:00 PM,48, ,°F
Main Building,OUTDOOR SENSOR,'000000000002,,12/8/2012 7:15:00 PM,48, ,°F
Main Building,OUTDOOR SENSOR,'000000000002,,12/8/2012 7:30:00 PM,48, ,°F
Main Building,OUTDOOR SENSOR,'000000000002,,12/8/2012 7:45:00 PM,48, ,°F
Main Building,OUTDOOR SENSOR,'000000000002,,12/8/2012 8:00:00 PM,48, ,°F
Main Building,OUTDOOR SENSOR,'000000000002,,12/8/2012 8:15:00 PM,48, ,°F
Main Building,OUTDOOR SENSOR,'000000000002,,12/8/2012 8:30:00 PM,48, ,°F
Main Building,OUTDOOR SENSOR,'000000000002,,12/8/2012 8:45:00 PM,48, ,°F
Main Building,OUTDOOR SENSOR,'000000000002,,12/8/2012 9:00:00 PM,48, ,°F
Main Building,OUTDOOR SENSOR,'000000000002,,12/8/2012 9:15:00 PM,48, ,°F
Main Building,OUTDOOR SENSOR,'000000000002,,12/8/2012 9:30:00 PM,48, ,°F
Main Building,OUTDOOR SENSOR,'000000000002,,12/8/2012 9:45:00 PM,48, ,°F
Main Building,OUTDOOR SENSOR,'000000000002,,12/8/2012 10:00:00 PM,48, ,°F
Main Building,OUTDOOR SENSOR,'000000000002,,12/8/2012 10:15:00 PM,48, ,°F
Main Building,OUTDOOR SENSOR,'000000000002,,12/8/2012 10:30:00 PM,47, ,°F
Main Building,OUTDOOR SENSOR,'000000000002,,12/8/2012 10:45:00 PM,47, ,°F
Main Building,OUTDOOR SENSOR,'000000000002,,12/8/2012 11:00:00 PM,47, ,°F
Main Building,OUTDOOR SENSOR,'000000000002,,12/8/2012 11:15:00 PM,47, ,°F
Main Building,OUTDOOR SENSOR,'000000000002,,12/8/2012 11:30:00 PM,47, ,°F
Main Building,System Temp MB,'000000000001,,12/8/2012,132, ,°F
Main Building,System Temp MB,'000000000001,,12/8/2012 12:15:00 AM,131, ,°F
Main Building,System Temp MB,'000000000001,,12/8/2012 12:30:00 AM,129, ,°F
Main Building,System Temp MB,'000000000001,,12/8/2012 12:45:00 AM,130, ,°F
Main Building,System Temp MB,'000000000001,,12/8/2012 1:00:00 AM,132, ,°F
Main Building,System Temp MB,'000000000001,,12/8/2012 1:15:00 AM,135, ,°F
Main Building,System Temp MB,'000000000001,,12/8/2012 1:30:00 AM,138, ,°F
Main Building,System Temp MB,'000000000001,,12/8/2012 1:45:00 AM,139, ,°F
Main Building,System Temp MB,'000000000001,,12/8/2012 2:00:00 AM,138, ,°F
Main Building,System Temp MB,'000000000001,,12/8/2012 2:15:00 AM,134, ,°F
Main Building,System Temp MB,'000000000001,,12/8/2012 2:30:00 AM,132, ,°F
Main Building,System Temp MB,'000000000001,,12/8/2012 2:45:00 AM,130, ,°F
Main Building,System Temp MB,'000000000001,,12/8/2012 3:00:00 AM,128, ,°F
Main Building,System Temp MB,'000000000001,,12/8/2012 3:15:00 AM,129, ,°F
Main Building,System Temp MB,'000000000001,,12/8/2012 3:30:00 AM,131, ,°F
Main Building,System Temp MB,'000000000001,,12/8/2012 3:45:00 AM,134, ,°F
Main Building,System Temp MB,'000000000001,,12/8/2012 4:00:00 AM,138, ,°F
Main Building,System Temp MB,'000000000001,,12/8/2012 4:15:00 AM,139, ,°F
Main Building,System Temp MB,'000000000001,,12/8/2012 4:30:00 AM,138, ,°F
Main Building,System Temp MB,'000000000001,,12/8/2012 4:45:00 AM,135, ,°F
Main Building,System Temp MB,'000000000001,,12/8/2012 5:00:00 AM,132, ,°F
Main Building,System Temp MB,'000000000001,,12/8/2012 5:15:00 AM,130, ,°F
Main Building,System Temp MB,'000000000001,,12/8/2012 5:30:00 AM,128, ,°F
Main Building,System Temp MB,'000000000001,,12/8/2012 5:45:00 AM,129, ,°F
Main Building,System Temp MB,'000000000001,,12/8/2012 6:00:00 AM,133, ,°F
Main Building,System Temp MB,'000000000001,,12/8/2012 6:15:00 AM,134, ,°F
Main Building,System Temp MB,'000000000001,,12/8/2012 6:30:00 AM,133, ,°F
Main Building,System Temp MB,'000000000001,,12/8/2012 6:45:00 AM,131, ,°F
Main Building,System Temp MB,'000000000001,,12/8/2012 7:00:00 AM,129, ,°F
Main Building,System Temp MB,'000000000001,,12/8/2012 7:15:00 AM,128, ,°F
Main Building,System Temp MB,'000000000001,,12/8/2012 7:30:00 AM,126, ,°F
Main Building,System Temp MB,'000000000001,,12/8/2012 7:45:00 AM,124, ,°F
Main Building,System Temp MB,'000000000001,,12/8/2012 8:00:00 AM,122, ,°F
Main Building,System Temp MB,'000000000001,,12/8/2012 8:15:00 AM,121, ,°F
Main Building,System Temp MB,'000000000001,,12/8/2012 8:30:00 AM,119, ,°F
Main Building,System Temp MB,'000000000001,,12/8/2012 8:45:00 AM,118, ,°F
Main Building,System Temp MB,'000000000001,,12/8/2012 9:00:00 AM,117, ,°F
Main Building,System Temp MB,'000000000001,,12/8/2012 9:15:00 AM,117, ,°F
Main Building,System Temp MB,'000000000001,,12/8/2012 9:30:00 AM,118, ,°F
Main Building,System Temp MB,'000000000001,,12/8/2012 9:45:00 AM,122, ,°F
Main Building,System Temp MB,'000000000001,,12/8/2012 10:00:00 AM,126, ,°F
Main Building,System Temp MB,'000000000001,,12/8/2012 10:15:00 AM,127, ,°F
Main Building,System Temp MB,'000000000001,,12/8/2012 10:30:00 AM,126, ,°F
Main Building,System Temp MB,'000000000001,,12/8/2012 10:45:00 AM,125, ,°F
Main Building,System Temp MB,'000000000001,,12/8/2012 11:00:00 AM,123, ,°F
Main Building,System Temp MB,'000000000001,,12/8/2012 11:15:00 AM,121, ,°F
Main Building,System Temp MB,'000000000001,,12/8/2012 11:30:00 AM,120, ,°F
Main Building,System Temp MB,'000000000001,,12/8/2012 11:45:00 AM,119, ,°F
Main Building,System Temp MB,'000000000001,,12/8/2012 12:00:00 PM,117, ,°F
Main Building,System Temp MB,'000000000001,,12/8/2012 12:15:00 PM,116, ,°F
Main Building,System Temp MB,'000000000001,,12/8/2012 12:30:00 PM,118, ,°F
Main Building,System Temp MB,'000000000001,,12/8/2012 12:45:00 PM,122, ,°F
Main Building,System Temp MB,'000000000001,,12/8/2012 1:00:00 PM,126, ,°F
Main Building,System Temp MB,'000000000001,,12/8/2012 1:15:00 PM,132, ,°F
Main Building,System Temp MB,'000000000001,,12/8/2012 1:30:00 PM,138, ,°F
Main Building,System Temp MB,'000000000001,,12/8/2012 1:45:00 PM,140, ,°F
Main Building,System Temp MB,'000000000001,,12/8/2012 2:00:00 PM,141, ,°F
Main Building,System Temp MB,'000000000001,,12/8/2012 2:15:00 PM,139, ,°F
Main Building,System Temp MB,'000000000001,,12/8/2012 2:30:00 PM,136, ,°F
Main Building,System Temp MB,'000000000001,,12/8/2012 2:45:00 PM,134, ,°F
Main Building,System Temp MB,'000000000001,,12/8/2012 3:00:00 PM,131, ,°F
Main Building,System Temp MB,'000000000001,,12/8/2012 3:15:00 PM,129, ,°F
Main Building,System Temp MB,'000000000001,,12/8/2012 3:30:00 PM,128, ,°F
Main Building,System Temp MB,'000000000001,,12/8/2012 3:45:00 PM,129, ,°F
Main Building,System Temp MB,'000000000001,,12/8/2012 4:00:00 PM,132, ,°F
Main Building,System Temp MB,'000000000001,,12/8/2012 4:15:00 PM,135, ,°F
Main Building,System Temp MB,'000000000001,,12/8/2012 4:30:00 PM,137, ,°F
Main Building,System Temp MB,'000000000001,,12/8/2012 4:45:00 PM,135, ,°F
Main Building,System Temp MB,'000000000001,,12/8/2012 5:00:00 PM,133, ,°F
Main Building,System Temp MB,'000000000001,,12/8/2012 5:15:00 PM,131, ,°F
Main Building,System Temp MB,'000000000001,,12/8/2012 5:30:00 PM,129, ,°F
Main Building,System Temp MB,'000000000001,,12/8/2012 5:45:00 PM,127, ,°F
Main Building,System Temp MB,'000000000001,,12/8/2012 6:00:00 PM,126, ,°F
Main Building,System Temp MB,'000000000001,,12/8/2012 6:15:00 PM,128, ,°F
Main Building,System Temp MB,'000000000001,,12/8/2012 6:30:00 PM,132, ,°F
Main Building,System Temp MB,'000000000001,,12/8/2012 6:45:00 PM,135, ,°F
Main Building,System Temp MB,'000000000001,,12/8/2012 7:00:00 PM,136, ,°F
Main Building,System Temp MB,'000000000001,,12/8/2012 7:15:00 PM,134, ,°F
Main Building,System Temp MB,'000000000001,,12/8/2012 7:30:00 PM,132, ,°F
Main Building,System Temp MB,'000000000001,,12/8/2012 7:45:00 PM,130, ,°F
Main Building,System Temp MB,'000000000001,,12/8/2012 8:00:00 PM,128, ,°F
Main Building,System Temp MB,'000000000001,,12/8/2012 8:15:00 PM,126, ,°F
Main Building,System Temp MB,'000000000001,,12/8/2012 8:30:00 PM,125, ,°F
Main Building,System Temp MB,'000000000001,,12/8/2012 8:45:00 PM,127, ,°F
Main Building,System Temp MB,'000000000001,,12/8/2012 9:00:00 PM,129, ,°F
Main Building,System Temp MB,'000000000001,,12/8/2012 9:15:00 PM,132, ,°F
Main Building,System Temp MB,'000000000001,,12/8/2012 9:30:00 PM,135, ,°F
Main Building,System Temp MB,'000000000001,,12/8/2012 9:45:00 PM,135, ,°F
Main Building,System Temp MB,'000000000001,,12/8/2012 10:00:00 PM,134, ,°F
Main Building,System Temp MB,'000000000001,,12/8/2012 10:15:00 PM,132, ,°F
Main Building,System Temp MB,'000000000001,,12/8/2012 10:30:00 PM,129, ,°F
Main Building,System Temp MB,'000000000001,,12/8/2012 10:45:00 PM,128, ,°F
Main Building,System Temp MB,'000000000001,,12/8/2012 11:00:00 PM,126, ,°F
Main Building,System Temp MB,'000000000001,,12/8/2012 11:15:00 PM,124, ,°F
Main Building,System Temp MB,'000000000001,,12/8/2012 11:30:00 PM,123, ,°F
